emp_id,name,department,salary,join_date,status,start_date,end_date,is_current
1,Emp_1,Sales,46632,2020-07-30,Active,2026-07-07,2026-07-08,0
1,Emp_1,Marketing,46632,2020-07-30,Active,2026-07-08,2026-07-09,0
1,Emp_1,Finance,46632,2020-07-30,Active,2026-07-09,2026-07-11,0
1,Emp_1,Finance,54780,2020-07-30,Active,2026-07-11,9999-12-31,1
2,Emp_2,HR,65513,2021-06-19,Active,2026-07-07,2026-07-08,0
2,Emp_2,Finance,65513,2021-06-19,Active,2026-07-08,2026-07-10,0
2,Emp_2,Sales,65513,2021-06-19,Active,2026-07-10,9999-12-31,1
3,Emp_3,Sales,84005,2020-09-01,Active,2026-07-07,2026-07-08,0
3,Emp_3,Sales,93010,2020-09-01,Active,2026-07-08,2026-07-10,0
3,Emp_3,IT,93010,2020-09-01,Active,2026-07-10,9999-12-31,1
4,Emp_4,HR,34931,2021-09-02,Active,2026-07-07,2026-07-08,0
4,Emp_4,HR,41067,2021-09-02,Active,2026-07-08,2026-07-10,0
4,Emp_4,HR,44173,2021-09-02,Active,2026-07-10,9999-12-31,1
5,Emp_5,HR,95521,2021-09-18,Active,2026-07-07,2026-07-09,0
5,Emp_5,HR,99593,2021-09-18,Active,2026-07-09,2026-07-11,0
5,Emp_5,HR,109476,2021-09-18,Active,2026-07-11,9999-12-31,1
6,Emp_6,IT,69478,2020-12-22,Active,2026-07-07,2026-07-10,0
6,Emp_6,IT,72394,2020-12-22,Active,2026-07-10,9999-12-31,1
7,Emp_7,Sales,30599,2021-07-25,Active,2026-07-07,2026-07-09,0
7,Emp_7,IT,30599,2021-07-25,Active,2026-07-09,2026-07-11,0
7,Emp_7,HR,30599,2021-07-25,Active,2026-07-11,9999-12-31,1
8,Emp_8,HR,55153,2020-04-30,Active,2026-07-07,2026-07-08,0
8,Emp_8,HR,63016,2020-04-30,Active,2026-07-08,2026-07-09,0
8,Emp_8,HR,72041,2020-04-30,Active,2026-07-09,2026-07-10,0
8,Emp_8,HR,81078,2020-04-30,Active,2026-07-10,2026-07-11,0
8,Emp_8,HR,89874,2020-04-30,Active,2026-07-11,9999-12-31,1
9,Emp_9,Marketing,42541,2021-09-25,Active,2026-07-07,2026-07-08,0
9,Emp_9,Marketing,52440,2021-09-25,Active,2026-07-08,2026-07-11,0
9,Emp_9,Marketing,52440,2021-09-25,Resigned,2026-07-11,9999-12-31,1
10,Emp_10,Finance,96524,2020-08-12,Active,2026-07-07,2026-07-08,0
10,Emp_10,HR,96524,2020-08-12,Active,2026-07-08,2026-07-10,0
10,Emp_10,HR,102465,2020-08-12,Active,2026-07-10,2026-07-11,0
10,Emp_10,Sales,102465,2020-08-12,Active,2026-07-11,9999-12-31,1
11,Emp_11,Sales,57277,2020-10-10,Active,2026-07-07,2026-07-09,0
11,Emp_11,Finance,57277,2020-10-10,Active,2026-07-09,2026-07-10,0
11,Emp_11,Finance,64599,2020-10-10,Active,2026-07-10,9999-12-31,1
12,Emp_12,IT,55391,2020-04-25,Active,2026-07-07,2026-07-10,0
12,Emp_12,IT,60960,2020-04-25,Active,2026-07-10,9999-12-31,1
13,Emp_13,HR,92182,2021-05-24,Active,2026-07-07,2026-07-08,0
13,Emp_13,HR,101722,2021-05-24,Active,2026-07-08,2026-07-09,0
13,Emp_13,HR,106158,2021-05-24,Active,2026-07-09,2026-07-10,0
13,Emp_13,HR,108863,2021-05-24,Active,2026-07-10,9999-12-31,1
14,Emp_14,HR,50940,2021-11-17,Active,2026-07-07,2026-07-09,0
14,Emp_14,HR,59980,2021-11-17,Active,2026-07-09,2026-07-10,0
14,Emp_14,Sales,59980,2021-11-17,Active,2026-07-10,9999-12-31,1
15,Emp_15,IT,37081,2021-10-22,Active,2026-07-07,2026-07-08,0
15,Emp_15,IT,42682,2021-10-22,Active,2026-07-08,2026-07-09,0
15,Emp_15,IT,52184,2021-10-22,Active,2026-07-09,2026-07-10,0
15,Emp_15,IT,58066,2021-10-22,Active,2026-07-10,2026-07-11,0
15,Emp_15,IT,63465,2021-10-22,Active,2026-07-11,9999-12-31,1
16,Emp_16,Finance,67363,2020-08-02,Active,2026-07-07,2026-07-10,0
16,Emp_16,Finance,67363,2020-08-02,Resigned,2026-07-10,9999-12-31,1
17,Emp_17,Sales,62949,2020-12-08,Active,2026-07-07,2026-07-08,0
17,Emp_17,Sales,71787,2020-12-08,Active,2026-07-08,2026-07-10,0
17,Emp_17,Sales,81179,2020-12-08,Active,2026-07-10,9999-12-31,1
18,Emp_18,Marketing,89394,2020-02-14,Active,2026-07-07,2026-07-08,0
18,Emp_18,Sales,89394,2020-02-14,Active,2026-07-08,2026-07-09,0
18,Emp_18,IT,89394,2020-02-14,Active,2026-07-09,2026-07-10,0
18,Emp_18,IT,97446,2020-02-14,Active,2026-07-10,9999-12-31,1
19,Emp_19,IT,36875,2022-08-05,Active,2026-07-07,9999-12-31,1
20,Emp_20,Marketing,53053,2020-06-10,Active,2026-07-07,2026-07-08,0
20,Emp_20,Marketing,58391,2020-06-10,Active,2026-07-08,2026-07-10,0
20,Emp_20,Marketing,58391,2020-06-10,Resigned,2026-07-10,9999-12-31,1
21,Emp_21,IT,93577,2021-06-11,Active,2026-07-07,2026-07-09,0
21,Emp_21,Sales,93577,2021-06-11,Active,2026-07-09,2026-07-11,0
21,Emp_21,Sales,97914,2021-06-11,Active,2026-07-11,9999-12-31,1
22,Emp_22,IT,39287,2022-07-05,Active,2026-07-07,2026-07-10,0
22,Emp_22,IT,43702,2022-07-05,Active,2026-07-10,2026-07-11,0
22,Emp_22,IT,47198,2022-07-05,Active,2026-07-11,9999-12-31,1
23,Emp_23,HR,88303,2021-08-29,Active,2026-07-07,2026-07-09,0
23,Emp_23,HR,96024,2021-08-29,Active,2026-07-09,2026-07-10,0
23,Emp_23,HR,96024,2021-08-29,Resigned,2026-07-10,2026-07-11,0
23,Emp_23,IT,96024,2021-08-29,Resigned,2026-07-11,9999-12-31,1
24,Emp_24,Marketing,72725,2021-03-05,Active,2026-07-07,2026-07-08,0
24,Emp_24,Marketing,78786,2021-03-05,Active,2026-07-08,2026-07-11,0
24,Emp_24,Marketing,83299,2021-03-05,Active,2026-07-11,9999-12-31,1
25,Emp_25,HR,72688,2020-08-23,Active,2026-07-07,2026-07-08,0
25,Emp_25,Finance,72688,2020-08-23,Active,2026-07-08,9999-12-31,1
26,Emp_26,IT,72746,2020-08-21,Active,2026-07-07,2026-07-09,0
26,Emp_26,Sales,72746,2020-08-21,Active,2026-07-09,9999-12-31,1
27,Emp_27,IT,61079,2022-01-25,Active,2026-07-07,2026-07-09,0
27,Emp_27,Sales,61079,2022-01-25,Active,2026-07-09,2026-07-11,0
27,Emp_27,HR,61079,2022-01-25,Active,2026-07-11,9999-12-31,1
28,Emp_28,Sales,56208,2021-01-19,Active,2026-07-07,2026-07-10,0
28,Emp_28,IT,56208,2021-01-19,Active,2026-07-10,9999-12-31,1
29,Emp_29,HR,39637,2021-04-27,Active,2026-07-07,9999-12-31,1
30,Emp_30,Marketing,93492,2020-02-25,Active,2026-07-07,2026-07-09,0
30,Emp_30,Marketing,100654,2020-02-25,Active,2026-07-09,2026-07-11,0
30,Emp_30,Sales,100654,2020-02-25,Active,2026-07-11,9999-12-31,1
31,Emp_31,Sales,48997,2020-08-09,Active,2026-07-07,9999-12-31,1
32,Emp_32,Marketing,89636,2020-07-01,Active,2026-07-07,2026-07-08,0
32,Emp_32,Marketing,96173,2020-07-01,Active,2026-07-08,2026-07-09,0
32,Emp_32,Marketing,98198,2020-07-01,Active,2026-07-09,2026-07-11,0
32,Emp_32,HR,98198,2020-07-01,Active,2026-07-11,9999-12-31,1
33,Emp_33,Sales,78953,2020-05-19,Active,2026-07-07,9999-12-31,1
34,Emp_34,Sales,55448,2021-10-09,Active,2026-07-07,2026-07-09,0
34,Emp_34,Finance,55448,2021-10-09,Active,2026-07-09,2026-07-11,0
34,Emp_34,Sales,55448,2021-10-09,Active,2026-07-11,9999-12-31,1
35,Emp_35,Finance,65349,2020-07-26,Active,2026-07-07,2026-07-10,0
35,Emp_35,Sales,65349,2020-07-26,Active,2026-07-10,9999-12-31,1
36,Emp_36,Finance,46673,2020-02-02,Active,2026-07-07,9999-12-31,1
37,Emp_37,Marketing,37818,2020-10-14,Active,2026-07-07,2026-07-08,0
37,Emp_37,HR,37818,2020-10-14,Active,2026-07-08,2026-07-09,0
37,Emp_37,HR,41862,2020-10-14,Active,2026-07-09,2026-07-10,0
37,Emp_37,Sales,41862,2020-10-14,Active,2026-07-10,2026-07-11,0
37,Emp_37,Sales,45824,2020-10-14,Active,2026-07-11,9999-12-31,1
38,Emp_38,HR,44563,2022-05-22,Active,2026-07-07,2026-07-09,0
38,Emp_38,HR,53501,2022-05-22,Active,2026-07-09,2026-07-10,0
38,Emp_38,HR,53501,2022-05-22,Resigned,2026-07-10,2026-07-11,0
38,Emp_38,HR,59539,2022-05-22,Resigned,2026-07-11,9999-12-31,1
39,Emp_39,Sales,90106,2021-03-04,Active,2026-07-07,2026-07-10,0
39,Emp_39,HR,90106,2021-03-04,Active,2026-07-10,9999-12-31,1
40,Emp_40,HR,75033,2020-08-13,Active,2026-07-07,2026-07-09,0
40,Emp_40,Sales,75033,2020-08-13,Active,2026-07-09,2026-07-11,0
40,Emp_40,IT,75033,2020-08-13,Active,2026-07-11,9999-12-31,1
41,Emp_41,Finance,50550,2022-03-19,Active,2026-07-07,2026-07-10,0
41,Emp_41,Finance,56708,2022-03-19,Active,2026-07-10,2026-07-11,0
41,Emp_41,Sales,56708,2022-03-19,Active,2026-07-11,9999-12-31,1
42,Emp_42,Marketing,52273,2021-08-14,Active,2026-07-07,2026-07-09,0
42,Emp_42,Marketing,56408,2021-08-14,Active,2026-07-09,2026-07-10,0
42,Emp_42,Marketing,63222,2021-08-14,Active,2026-07-10,2026-07-11,0
42,Emp_42,Marketing,63222,2021-08-14,Resigned,2026-07-11,9999-12-31,1
43,Emp_43,Marketing,60107,2020-03-29,Active,2026-07-07,2026-07-08,0
43,Emp_43,Marketing,65341,2020-03-29,Active,2026-07-08,2026-07-09,0
43,Emp_43,Marketing,72972,2020-03-29,Active,2026-07-09,9999-12-31,1
44,Emp_44,Sales,98389,2021-05-15,Active,2026-07-07,2026-07-09,0
44,Emp_44,Finance,98389,2021-05-15,Active,2026-07-09,9999-12-31,1
45,Emp_45,HR,92061,2022-05-07,Active,2026-07-07,2026-07-09,0
45,Emp_45,HR,94752,2022-05-07,Active,2026-07-09,2026-07-10,0
45,Emp_45,Sales,94752,2022-05-07,Active,2026-07-10,9999-12-31,1
46,Emp_46,Sales,66591,2020-01-15,Active,2026-07-07,2026-07-08,0
46,Emp_46,Sales,69121,2020-01-15,Active,2026-07-08,2026-07-11,0
46,Emp_46,Marketing,69121,2020-01-15,Active,2026-07-11,9999-12-31,1
47,Emp_47,Sales,62329,2020-09-10,Active,2026-07-07,2026-07-08,0
47,Emp_47,HR,62329,2020-09-10,Active,2026-07-08,2026-07-10,0
47,Emp_47,Sales,62329,2020-09-10,Active,2026-07-10,9999-12-31,1
48,Emp_48,Finance,86917,2021-08-16,Active,2026-07-07,2026-07-08,0
48,Emp_48,HR,86917,2021-08-16,Active,2026-07-08,2026-07-09,0
48,Emp_48,HR,89086,2021-08-16,Active,2026-07-09,2026-07-10,0
48,Emp_48,HR,96180,2021-08-16,Active,2026-07-10,2026-07-11,0
48,Emp_48,HR,104430,2021-08-16,Active,2026-07-11,9999-12-31,1
49,Emp_49,HR,49525,2022-07-24,Active,2026-07-07,2026-07-10,0
49,Emp_49,HR,53838,2022-07-24,Active,2026-07-10,2026-07-11,0
49,Emp_49,HR,58333,2022-07-24,Active,2026-07-11,9999-12-31,1
50,Emp_50,Marketing,30665,2021-03-03,Active,2026-07-07,2026-07-09,0
50,Emp_50,Marketing,40093,2021-03-03,Active,2026-07-09,9999-12-31,1
51,Emp_51,IT,35250,2021-04-26,Active,2026-07-07,2026-07-08,0
51,Emp_51,Marketing,35250,2021-04-26,Active,2026-07-08,2026-07-11,0
51,Emp_51,Marketing,43663,2021-04-26,Active,2026-07-11,9999-12-31,1
52,Emp_52,Marketing,34406,2021-03-11,Active,2026-07-07,2026-07-08,0
52,Emp_52,Sales,34406,2021-03-11,Active,2026-07-08,2026-07-10,0
52,Emp_52,Sales,37686,2021-03-11,Active,2026-07-10,2026-07-11,0
52,Emp_52,Sales,42744,2021-03-11,Active,2026-07-11,9999-12-31,1
53,Emp_53,Marketing,81684,2021-05-05,Active,2026-07-07,2026-07-08,0
53,Emp_53,Sales,81684,2021-05-05,Active,2026-07-08,2026-07-09,0
53,Emp_53,Sales,84091,2021-05-05,Active,2026-07-09,2026-07-11,0
53,Emp_53,Sales,92497,2021-05-05,Active,2026-07-11,9999-12-31,1
54,Emp_54,IT,89302,2021-05-22,Active,2026-07-07,2026-07-11,0
54,Emp_54,IT,95705,2021-05-22,Active,2026-07-11,9999-12-31,1
55,Emp_55,HR,40890,2021-07-25,Active,2026-07-07,9999-12-31,1
56,Emp_56,IT,83296,2022-08-30,Active,2026-07-07,2026-07-10,0
56,Emp_56,IT,89857,2022-08-30,Active,2026-07-10,2026-07-11,0
56,Emp_56,IT,89857,2022-08-30,Resigned,2026-07-11,9999-12-31,1
57,Emp_57,HR,47394,2021-01-02,Active,2026-07-07,2026-07-08,0
57,Emp_57,Sales,47394,2021-01-02,Active,2026-07-08,2026-07-09,0
57,Emp_57,HR,47394,2021-01-02,Active,2026-07-09,9999-12-31,1
58,Emp_58,Finance,61334,2021-10-25,Active,2026-07-07,2026-07-11,0
58,Emp_58,HR,61334,2021-10-25,Active,2026-07-11,9999-12-31,1
59,Emp_59,IT,32087,2021-05-06,Active,2026-07-07,2026-07-08,0
59,Emp_59,IT,34330,2021-05-06,Active,2026-07-08,2026-07-10,0
59,Emp_59,Finance,34330,2021-05-06,Active,2026-07-10,9999-12-31,1
60,Emp_60,Finance,51207,2021-12-21,Active,2026-07-07,2026-07-10,0
60,Emp_60,HR,51207,2021-12-21,Active,2026-07-10,9999-12-31,1
61,Emp_61,Sales,33199,2022-09-26,Active,2026-07-07,2026-07-10,0
61,Emp_61,Sales,41981,2022-09-26,Active,2026-07-10,9999-12-31,1
62,Emp_62,Sales,90786,2022-03-01,Active,2026-07-07,9999-12-31,1
63,Emp_63,HR,83131,2020-07-08,Active,2026-07-07,2026-07-09,0
63,Emp_63,HR,86691,2020-07-08,Active,2026-07-09,9999-12-31,1
64,Emp_64,Finance,90856,2021-12-21,Active,2026-07-07,2026-07-08,0
64,Emp_64,Finance,95990,2021-12-21,Active,2026-07-08,2026-07-10,0
64,Emp_64,Sales,95990,2021-12-21,Active,2026-07-10,2026-07-11,0
64,Emp_64,IT,95990,2021-12-21,Active,2026-07-11,9999-12-31,1
65,Emp_65,IT,39266,2021-01-29,Active,2026-07-07,2026-07-08,0
65,Emp_65,HR,39266,2021-01-29,Active,2026-07-08,2026-07-11,0
65,Emp_65,HR,47321,2021-01-29,Active,2026-07-11,9999-12-31,1
66,Emp_66,Finance,99588,2020-02-03,Active,2026-07-07,2026-07-08,0
66,Emp_66,Marketing,99588,2020-02-03,Active,2026-07-08,2026-07-10,0
66,Emp_66,Marketing,102576,2020-02-03,Active,2026-07-10,9999-12-31,1
67,Emp_67,Finance,85823,2022-02-09,Active,2026-07-07,2026-07-09,0
67,Emp_67,Finance,94573,2022-02-09,Active,2026-07-09,2026-07-10,0
67,Emp_67,Finance,100557,2022-02-09,Active,2026-07-10,2026-07-11,0
67,Emp_67,IT,100557,2022-02-09,Active,2026-07-11,9999-12-31,1
68,Emp_68,Finance,57151,2022-03-17,Active,2026-07-07,2026-07-09,0
68,Emp_68,HR,57151,2022-03-17,Active,2026-07-09,2026-07-10,0
68,Emp_68,Finance,57151,2022-03-17,Active,2026-07-10,9999-12-31,1
69,Emp_69,IT,74000,2022-01-23,Active,2026-07-07,2026-07-11,0
69,Emp_69,IT,81939,2022-01-23,Active,2026-07-11,9999-12-31,1
70,Emp_70,IT,97467,2022-08-26,Active,2026-07-07,2026-07-08,0
70,Emp_70,IT,101871,2022-08-26,Active,2026-07-08,2026-07-09,0
70,Emp_70,IT,104106,2022-08-26,Active,2026-07-09,2026-07-10,0
70,Emp_70,HR,104106,2022-08-26,Active,2026-07-10,2026-07-11,0
70,Emp_70,Sales,104106,2022-08-26,Active,2026-07-11,9999-12-31,1
71,Emp_71,Finance,36758,2020-04-23,Active,2026-07-07,2026-07-11,0
71,Emp_71,Finance,43758,2020-04-23,Active,2026-07-11,9999-12-31,1
72,Emp_72,Sales,77918,2021-04-21,Active,2026-07-07,2026-07-08,0
72,Emp_72,Marketing,77918,2021-04-21,Active,2026-07-08,2026-07-09,0
72,Emp_72,Marketing,84978,2021-04-21,Active,2026-07-09,2026-07-11,0
72,Emp_72,Finance,84978,2021-04-21,Active,2026-07-11,9999-12-31,1
73,Emp_73,Marketing,35357,2021-01-09,Active,2026-07-07,2026-07-11,0
73,Emp_73,Sales,35357,2021-01-09,Active,2026-07-11,9999-12-31,1
74,Emp_74,Finance,52972,2021-10-25,Active,2026-07-07,2026-07-09,0
74,Emp_74,Marketing,52972,2021-10-25,Active,2026-07-09,2026-07-11,0
74,Emp_74,HR,52972,2021-10-25,Active,2026-07-11,9999-12-31,1
75,Emp_75,Marketing,38782,2021-07-28,Active,2026-07-07,2026-07-09,0
75,Emp_75,Marketing,38782,2021-07-28,Resigned,2026-07-09,2026-07-11,0
75,Emp_75,Finance,38782,2021-07-28,Resigned,2026-07-11,9999-12-31,1
76,Emp_76,HR,48141,2020-12-08,Active,2026-07-07,2026-07-11,0
76,Emp_76,HR,53907,2020-12-08,Active,2026-07-11,9999-12-31,1
77,Emp_77,HR,44884,2021-10-26,Active,2026-07-07,2026-07-09,0
77,Emp_77,Sales,44884,2021-10-26,Active,2026-07-09,2026-07-11,0
77,Emp_77,IT,44884,2021-10-26,Active,2026-07-11,9999-12-31,1
78,Emp_78,Sales,57498,2022-02-10,Active,2026-07-07,2026-07-09,0
78,Emp_78,Sales,65341,2022-02-10,Active,2026-07-09,2026-07-11,0
78,Emp_78,Sales,72636,2022-02-10,Active,2026-07-11,9999-12-31,1
79,Emp_79,HR,72003,2020-12-27,Active,2026-07-07,2026-07-10,0
79,Emp_79,HR,79163,2020-12-27,Active,2026-07-10,9999-12-31,1
80,Emp_80,Finance,96003,2021-11-27,Active,2026-07-07,2026-07-09,0
80,Emp_80,IT,96003,2021-11-27,Active,2026-07-09,2026-07-11,0
80,Emp_80,IT,96003,2021-11-27,Resigned,2026-07-11,9999-12-31,1
81,Emp_81,Sales,66325,2020-02-25,Active,2026-07-07,2026-07-10,0
81,Emp_81,Sales,75787,2020-02-25,Active,2026-07-10,9999-12-31,1
82,Emp_82,IT,78865,2020-12-19,Active,2026-07-07,2026-07-08,0
82,Emp_82,IT,85425,2020-12-19,Active,2026-07-08,2026-07-10,0
82,Emp_82,HR,85425,2020-12-19,Active,2026-07-10,2026-07-11,0
82,Emp_82,HR,90809,2020-12-19,Active,2026-07-11,9999-12-31,1
83,Emp_83,Sales,93730,2021-05-28,Active,2026-07-07,2026-07-08,0
83,Emp_83,HR,93730,2021-05-28,Active,2026-07-08,2026-07-10,0
83,Emp_83,Sales,93730,2021-05-28,Active,2026-07-10,9999-12-31,1
84,Emp_84,Marketing,46083,2021-04-26,Active,2026-07-07,2026-07-09,0
84,Emp_84,HR,46083,2021-04-26,Active,2026-07-09,9999-12-31,1
85,Emp_85,Marketing,99842,2022-07-10,Active,2026-07-07,2026-07-08,0
85,Emp_85,Sales,99842,2022-07-10,Active,2026-07-08,9999-12-31,1
86,Emp_86,Finance,89241,2021-09-27,Active,2026-07-07,2026-07-10,0
86,Emp_86,Finance,96541,2021-09-27,Active,2026-07-10,9999-12-31,1
87,Emp_87,Finance,38601,2020-07-11,Active,2026-07-07,9999-12-31,1
88,Emp_88,Sales,41443,2020-03-23,Active,2026-07-07,2026-07-09,0
88,Emp_88,Marketing,41443,2020-03-23,Active,2026-07-09,2026-07-10,0
88,Emp_88,Marketing,44450,2020-03-23,Active,2026-07-10,2026-07-11,0
88,Emp_88,Sales,44450,2020-03-23,Active,2026-07-11,9999-12-31,1
89,Emp_89,Sales,53437,2020-10-22,Active,2026-07-07,2026-07-08,0
89,Emp_89,Sales,59587,2020-10-22,Active,2026-07-08,2026-07-10,0
89,Emp_89,Sales,65184,2020-10-22,Active,2026-07-10,9999-12-31,1
90,Emp_90,IT,44334,2020-06-17,Active,2026-07-07,2026-07-11,0
90,Emp_90,IT,53208,2020-06-17,Active,2026-07-11,9999-12-31,1
91,Emp_91,Finance,44683,2021-12-14,Active,2026-07-07,2026-07-09,0
91,Emp_91,Finance,54613,2021-12-14,Active,2026-07-09,9999-12-31,1
92,Emp_92,HR,95054,2020-06-03,Active,2026-07-07,2026-07-10,0
92,Emp_92,HR,103892,2020-06-03,Active,2026-07-10,9999-12-31,1
93,Emp_93,HR,98247,2022-09-01,Active,2026-07-07,2026-07-08,0
93,Emp_93,Finance,98247,2022-09-01,Active,2026-07-08,2026-07-09,0
93,Emp_93,Finance,102379,2022-09-01,Active,2026-07-09,9999-12-31,1
94,Emp_94,IT,68426,2021-03-02,Active,2026-07-07,2026-07-09,0
94,Emp_94,IT,74552,2021-03-02,Active,2026-07-09,2026-07-10,0
94,Emp_94,IT,77250,2021-03-02,Active,2026-07-10,2026-07-11,0
94,Emp_94,IT,82891,2021-03-02,Active,2026-07-11,9999-12-31,1
95,Emp_95,Marketing,47305,2021-04-30,Active,2026-07-07,2026-07-10,0
95,Emp_95,Finance,47305,2021-04-30,Active,2026-07-10,9999-12-31,1
96,Emp_96,Finance,85067,2021-03-30,Active,2026-07-07,2026-07-11,0
96,Emp_96,Finance,93154,2021-03-30,Active,2026-07-11,9999-12-31,1
97,Emp_97,IT,68209,2020-07-12,Active,2026-07-07,2026-07-08,0
97,Emp_97,IT,77065,2020-07-12,Active,2026-07-08,2026-07-09,0
97,Emp_97,Marketing,77065,2020-07-12,Active,2026-07-09,2026-07-10,0
97,Emp_97,Marketing,80306,2020-07-12,Active,2026-07-10,9999-12-31,1
98,Emp_98,IT,32888,2022-06-11,Active,2026-07-07,2026-07-08,0
98,Emp_98,Finance,32888,2022-06-11,Active,2026-07-08,9999-12-31,1
99,Emp_99,HR,98107,2021-10-22,Active,2026-07-07,2026-07-10,0
99,Emp_99,HR,106675,2021-10-22,Active,2026-07-10,2026-07-11,0
99,Emp_99,HR,109412,2021-10-22,Active,2026-07-11,9999-12-31,1
100,Emp_100,Finance,83961,2021-08-15,Active,2026-07-07,2026-07-08,0
100,Emp_100,Sales,83961,2021-08-15,Active,2026-07-08,2026-07-09,0
100,Emp_100,IT,83961,2021-08-15,Active,2026-07-09,2026-07-11,0
100,Emp_100,HR,83961,2021-08-15,Active,2026-07-11,9999-12-31,1
101,Emp_101,Finance,72769,2021-05-12,Active,2026-07-07,2026-07-09,0
101,Emp_101,Finance,78858,2021-05-12,Active,2026-07-09,2026-07-11,0
101,Emp_101,Finance,84903,2021-05-12,Active,2026-07-11,9999-12-31,1
102,Emp_102,Marketing,99489,2022-05-12,Active,2026-07-07,2026-07-09,0
102,Emp_102,Finance,99489,2022-05-12,Active,2026-07-09,2026-07-10,0
102,Emp_102,IT,99489,2022-05-12,Active,2026-07-10,9999-12-31,1
103,Emp_103,Marketing,88360,2021-04-13,Active,2026-07-07,2026-07-08,0
103,Emp_103,Sales,88360,2021-04-13,Active,2026-07-08,9999-12-31,1
104,Emp_104,Finance,47295,2022-07-08,Active,2026-07-07,2026-07-08,0
104,Emp_104,IT,47295,2022-07-08,Active,2026-07-08,2026-07-09,0
104,Emp_104,Marketing,47295,2022-07-08,Active,2026-07-09,2026-07-11,0
104,Emp_104,Marketing,49353,2022-07-08,Active,2026-07-11,9999-12-31,1
105,Emp_105,Finance,52509,2022-03-19,Active,2026-07-07,2026-07-08,0
105,Emp_105,Finance,56537,2022-03-19,Active,2026-07-08,2026-07-09,0
105,Emp_105,Marketing,56537,2022-03-19,Active,2026-07-09,2026-07-11,0
105,Emp_105,Marketing,65263,2022-03-19,Active,2026-07-11,9999-12-31,1
106,Emp_106,Finance,59724,2021-05-10,Active,2026-07-07,2026-07-08,0
106,Emp_106,Finance,67033,2021-05-10,Active,2026-07-08,2026-07-09,0
106,Emp_106,Sales,67033,2021-05-10,Active,2026-07-09,9999-12-31,1
107,Emp_107,Finance,67767,2022-02-27,Active,2026-07-07,2026-07-08,0
107,Emp_107,Marketing,67767,2022-02-27,Active,2026-07-08,2026-07-09,0
107,Emp_107,Marketing,72351,2022-02-27,Active,2026-07-09,2026-07-10,0
107,Emp_107,Finance,72351,2022-02-27,Active,2026-07-10,2026-07-11,0
107,Emp_107,Marketing,72351,2022-02-27,Active,2026-07-11,9999-12-31,1
108,Emp_108,IT,49443,2020-12-27,Active,2026-07-07,9999-12-31,1
109,Emp_109,Finance,89759,2022-09-06,Active,2026-07-07,2026-07-09,0
109,Emp_109,Finance,96311,2022-09-06,Active,2026-07-09,2026-07-10,0
109,Emp_109,Finance,101866,2022-09-06,Active,2026-07-10,2026-07-11,0
109,Emp_109,Finance,109271,2022-09-06,Active,2026-07-11,9999-12-31,1
110,Emp_110,HR,51075,2021-12-29,Active,2026-07-07,2026-07-08,0
110,Emp_110,IT,51075,2021-12-29,Active,2026-07-08,2026-07-09,0
110,Emp_110,IT,51075,2021-12-29,Resigned,2026-07-09,2026-07-11,0
110,Emp_110,IT,53610,2021-12-29,Resigned,2026-07-11,9999-12-31,1
111,Emp_111,Marketing,67387,2020-07-05,Active,2026-07-07,2026-07-08,0
111,Emp_111,HR,67387,2020-07-05,Active,2026-07-08,2026-07-09,0
111,Emp_111,HR,69834,2020-07-05,Active,2026-07-09,2026-07-11,0
111,Emp_111,HR,77945,2020-07-05,Active,2026-07-11,9999-12-31,1
112,Emp_112,HR,50117,2020-06-14,Active,2026-07-07,2026-07-09,0
112,Emp_112,HR,53617,2020-06-14,Active,2026-07-09,2026-07-10,0
112,Emp_112,HR,63010,2020-06-14,Active,2026-07-10,9999-12-31,1
113,Emp_113,HR,45324,2020-02-12,Active,2026-07-07,2026-07-08,0
113,Emp_113,IT,45324,2020-02-12,Active,2026-07-08,2026-07-11,0
113,Emp_113,IT,49450,2020-02-12,Active,2026-07-11,9999-12-31,1
114,Emp_114,Finance,46577,2021-03-27,Active,2026-07-07,2026-07-10,0
114,Emp_114,Sales,46577,2021-03-27,Active,2026-07-10,2026-07-11,0
114,Emp_114,Sales,55794,2021-03-27,Active,2026-07-11,9999-12-31,1
115,Emp_115,Finance,78453,2020-07-07,Active,2026-07-07,2026-07-11,0
115,Emp_115,HR,78453,2020-07-07,Active,2026-07-11,9999-12-31,1
116,Emp_116,HR,34546,2021-11-12,Active,2026-07-07,2026-07-09,0
116,Emp_116,HR,34546,2021-11-12,Resigned,2026-07-09,2026-07-10,0
116,Emp_116,Finance,34546,2021-11-12,Resigned,2026-07-10,9999-12-31,1
117,Emp_117,Finance,75068,2020-05-31,Active,2026-07-07,2026-07-09,0
117,Emp_117,Marketing,75068,2020-05-31,Active,2026-07-09,2026-07-10,0
117,Emp_117,IT,75068,2020-05-31,Active,2026-07-10,2026-07-11,0
117,Emp_117,Marketing,75068,2020-05-31,Active,2026-07-11,9999-12-31,1
118,Emp_118,Finance,88776,2021-07-06,Active,2026-07-07,2026-07-08,0
118,Emp_118,Sales,88776,2021-07-06,Active,2026-07-08,2026-07-10,0
118,Emp_118,Marketing,88776,2021-07-06,Active,2026-07-10,2026-07-11,0
118,Emp_118,Marketing,88776,2021-07-06,Resigned,2026-07-11,9999-12-31,1
119,Emp_119,HR,99945,2020-11-04,Active,2026-07-07,2026-07-10,0
119,Emp_119,HR,107681,2020-11-04,Active,2026-07-10,9999-12-31,1
120,Emp_120,IT,33266,2021-02-18,Active,2026-07-07,2026-07-09,0
120,Emp_120,IT,36278,2021-02-18,Active,2026-07-09,9999-12-31,1
121,Emp_121,Sales,49055,2022-08-28,Active,2026-07-07,2026-07-09,0
121,Emp_121,IT,49055,2022-08-28,Active,2026-07-09,2026-07-10,0
121,Emp_121,IT,58326,2022-08-28,Active,2026-07-10,2026-07-11,0
121,Emp_121,Sales,58326,2022-08-28,Active,2026-07-11,9999-12-31,1
122,Emp_122,Sales,71971,2020-06-08,Active,2026-07-07,2026-07-08,0
122,Emp_122,Sales,76723,2020-06-08,Active,2026-07-08,2026-07-09,0
122,Emp_122,Sales,85835,2020-06-08,Active,2026-07-09,9999-12-31,1
123,Emp_123,IT,96507,2020-12-05,Active,2026-07-07,2026-07-09,0
123,Emp_123,HR,96507,2020-12-05,Active,2026-07-09,9999-12-31,1
124,Emp_124,Finance,92116,2022-07-06,Active,2026-07-07,2026-07-08,0
124,Emp_124,HR,92116,2022-07-06,Active,2026-07-08,2026-07-09,0
124,Emp_124,HR,100259,2022-07-06,Active,2026-07-09,2026-07-10,0
124,Emp_124,IT,100259,2022-07-06,Active,2026-07-10,9999-12-31,1
125,Emp_125,Finance,49278,2022-03-29,Active,2026-07-07,2026-07-09,0
125,Emp_125,Marketing,49278,2022-03-29,Active,2026-07-09,2026-07-11,0
125,Emp_125,Marketing,51662,2022-03-29,Active,2026-07-11,9999-12-31,1
126,Emp_126,Marketing,87947,2020-12-12,Active,2026-07-07,2026-07-09,0
126,Emp_126,Marketing,94727,2020-12-12,Active,2026-07-09,2026-07-10,0
126,Emp_126,Sales,94727,2020-12-12,Active,2026-07-10,9999-12-31,1
127,Emp_127,IT,92781,2022-07-10,Active,2026-07-07,2026-07-10,0
127,Emp_127,IT,99044,2022-07-10,Active,2026-07-10,9999-12-31,1
128,Emp_128,IT,48274,2021-11-25,Active,2026-07-07,2026-07-08,0
128,Emp_128,IT,52628,2021-11-25,Active,2026-07-08,2026-07-09,0
128,Emp_128,IT,58039,2021-11-25,Active,2026-07-09,2026-07-10,0
128,Emp_128,HR,58039,2021-11-25,Active,2026-07-10,9999-12-31,1
129,Emp_129,Marketing,45319,2020-11-11,Active,2026-07-07,2026-07-08,0
129,Emp_129,IT,45319,2020-11-11,Active,2026-07-08,9999-12-31,1
130,Emp_130,IT,82642,2021-09-24,Active,2026-07-07,2026-07-08,0
130,Emp_130,Marketing,82642,2021-09-24,Active,2026-07-08,2026-07-09,0
130,Emp_130,Marketing,90935,2021-09-24,Active,2026-07-09,9999-12-31,1
131,Emp_131,HR,88454,2020-12-31,Active,2026-07-07,2026-07-11,0
131,Emp_131,HR,96102,2020-12-31,Active,2026-07-11,9999-12-31,1
132,Emp_132,IT,72777,2020-02-26,Active,2026-07-07,9999-12-31,1
133,Emp_133,Marketing,55578,2021-08-20,Active,2026-07-07,2026-07-09,0
133,Emp_133,IT,55578,2021-08-20,Active,2026-07-09,2026-07-11,0
133,Emp_133,IT,59190,2021-08-20,Active,2026-07-11,9999-12-31,1
134,Emp_134,Marketing,59116,2022-03-11,Active,2026-07-07,2026-07-08,0
134,Emp_134,Finance,59116,2022-03-11,Active,2026-07-08,2026-07-10,0
134,Emp_134,HR,59116,2022-03-11,Active,2026-07-10,2026-07-11,0
134,Emp_134,HR,63813,2022-03-11,Active,2026-07-11,9999-12-31,1
135,Emp_135,Finance,55652,2020-01-24,Active,2026-07-07,2026-07-10,0
135,Emp_135,Sales,55652,2020-01-24,Active,2026-07-10,2026-07-11,0
135,Emp_135,IT,55652,2020-01-24,Active,2026-07-11,9999-12-31,1
136,Emp_136,IT,88387,2021-11-24,Active,2026-07-07,2026-07-09,0
136,Emp_136,HR,88387,2021-11-24,Active,2026-07-09,9999-12-31,1
137,Emp_137,IT,97081,2021-02-07,Active,2026-07-07,9999-12-31,1
138,Emp_138,HR,94286,2020-11-21,Active,2026-07-07,2026-07-08,0
138,Emp_138,Marketing,94286,2020-11-21,Active,2026-07-08,2026-07-10,0
138,Emp_138,Finance,94286,2020-11-21,Active,2026-07-10,9999-12-31,1
139,Emp_139,Marketing,97050,2022-08-24,Active,2026-07-07,2026-07-08,0
139,Emp_139,Sales,97050,2022-08-24,Active,2026-07-08,2026-07-10,0
139,Emp_139,IT,97050,2022-08-24,Active,2026-07-10,9999-12-31,1
140,Emp_140,IT,77325,2021-02-11,Active,2026-07-07,2026-07-08,0
140,Emp_140,HR,77325,2021-02-11,Active,2026-07-08,2026-07-11,0
140,Emp_140,Finance,77325,2021-02-11,Active,2026-07-11,9999-12-31,1
141,Emp_141,HR,86051,2021-01-13,Active,2026-07-07,2026-07-09,0
141,Emp_141,Marketing,86051,2021-01-13,Active,2026-07-09,2026-07-11,0
141,Emp_141,Marketing,88934,2021-01-13,Active,2026-07-11,9999-12-31,1
142,Emp_142,Sales,78867,2020-01-13,Active,2026-07-07,9999-12-31,1
143,Emp_143,Finance,75209,2020-12-25,Active,2026-07-07,2026-07-08,0
143,Emp_143,Finance,84425,2020-12-25,Active,2026-07-08,2026-07-09,0
143,Emp_143,IT,84425,2020-12-25,Active,2026-07-09,9999-12-31,1
144,Emp_144,Finance,88402,2022-06-14,Active,2026-07-07,2026-07-11,0
144,Emp_144,Marketing,88402,2022-06-14,Active,2026-07-11,9999-12-31,1
145,Emp_145,Marketing,41481,2020-08-08,Active,2026-07-07,2026-07-08,0
145,Emp_145,Marketing,48206,2020-08-08,Active,2026-07-08,2026-07-09,0
145,Emp_145,Marketing,51937,2020-08-08,Active,2026-07-09,2026-07-10,0
145,Emp_145,Marketing,60534,2020-08-08,Active,2026-07-10,2026-07-11,0
145,Emp_145,Marketing,70263,2020-08-08,Active,2026-07-11,9999-12-31,1
146,Emp_146,Sales,84474,2022-04-02,Active,2026-07-07,2026-07-10,0
146,Emp_146,Sales,89343,2022-04-02,Active,2026-07-10,9999-12-31,1
147,Emp_147,Sales,67831,2020-06-16,Active,2026-07-07,2026-07-09,0
147,Emp_147,Finance,67831,2020-06-16,Active,2026-07-09,9999-12-31,1
148,Emp_148,Sales,84289,2020-05-22,Active,2026-07-07,2026-07-10,0
148,Emp_148,Sales,92140,2020-05-22,Active,2026-07-10,9999-12-31,1
149,Emp_149,Marketing,41282,2020-05-27,Active,2026-07-07,9999-12-31,1
150,Emp_150,HR,69745,2021-05-01,Active,2026-07-07,2026-07-08,0
150,Emp_150,HR,74729,2021-05-01,Active,2026-07-08,2026-07-09,0
150,Emp_150,HR,74729,2021-05-01,Resigned,2026-07-09,2026-07-10,0
150,Emp_150,HR,77591,2021-05-01,Resigned,2026-07-10,9999-12-31,1
151,Emp_151,Marketing,73963,2020-03-08,Active,2026-07-07,2026-07-09,0
151,Emp_151,HR,73963,2020-03-08,Active,2026-07-09,2026-07-10,0
151,Emp_151,Marketing,73963,2020-03-08,Active,2026-07-10,9999-12-31,1
152,Emp_152,Marketing,79253,2020-03-31,Active,2026-07-07,2026-07-08,0
152,Emp_152,Marketing,87367,2020-03-31,Active,2026-07-08,2026-07-09,0
152,Emp_152,Marketing,97272,2020-03-31,Active,2026-07-09,2026-07-10,0
152,Emp_152,Marketing,106012,2020-03-31,Active,2026-07-10,9999-12-31,1
153,Emp_153,IT,83668,2021-10-16,Active,2026-07-07,2026-07-08,0
153,Emp_153,Sales,83668,2021-10-16,Active,2026-07-08,2026-07-09,0
153,Emp_153,Sales,83668,2021-10-16,Resigned,2026-07-09,9999-12-31,1
154,Emp_154,Finance,84331,2020-06-28,Active,2026-07-07,2026-07-09,0
154,Emp_154,Finance,87665,2020-06-28,Active,2026-07-09,2026-07-11,0
154,Emp_154,Finance,90172,2020-06-28,Active,2026-07-11,9999-12-31,1
155,Emp_155,Marketing,90570,2021-12-28,Active,2026-07-07,2026-07-10,0
155,Emp_155,Marketing,98399,2021-12-28,Active,2026-07-10,2026-07-11,0
155,Emp_155,Marketing,98399,2021-12-28,Resigned,2026-07-11,9999-12-31,1
156,Emp_156,Marketing,47947,2020-07-23,Active,2026-07-07,2026-07-08,0
156,Emp_156,Marketing,56877,2020-07-23,Active,2026-07-08,2026-07-09,0
156,Emp_156,HR,56877,2020-07-23,Active,2026-07-09,2026-07-11,0
156,Emp_156,HR,56877,2020-07-23,Resigned,2026-07-11,9999-12-31,1
157,Emp_157,HR,80039,2020-10-23,Active,2026-07-07,9999-12-31,1
158,Emp_158,Marketing,94302,2020-02-13,Active,2026-07-07,2026-07-08,0
158,Emp_158,HR,94302,2020-02-13,Active,2026-07-08,2026-07-09,0
158,Emp_158,Sales,94302,2020-02-13,Active,2026-07-09,9999-12-31,1
159,Emp_159,Finance,69834,2021-05-20,Active,2026-07-07,2026-07-08,0
159,Emp_159,Marketing,69834,2021-05-20,Active,2026-07-08,2026-07-11,0
159,Emp_159,Sales,69834,2021-05-20,Active,2026-07-11,9999-12-31,1
160,Emp_160,Marketing,90745,2020-08-17,Active,2026-07-07,2026-07-08,0
160,Emp_160,Marketing,96069,2020-08-17,Active,2026-07-08,2026-07-11,0
160,Emp_160,Marketing,96069,2020-08-17,Resigned,2026-07-11,9999-12-31,1
161,Emp_161,IT,30320,2020-06-06,Active,2026-07-07,2026-07-08,0
161,Emp_161,IT,33250,2020-06-06,Active,2026-07-08,2026-07-09,0
161,Emp_161,IT,38191,2020-06-06,Active,2026-07-09,9999-12-31,1
162,Emp_162,Finance,69343,2022-09-05,Active,2026-07-07,2026-07-08,0
162,Emp_162,Finance,72915,2022-09-05,Active,2026-07-08,9999-12-31,1
163,Emp_163,Sales,46276,2021-10-31,Active,2026-07-07,2026-07-09,0
163,Emp_163,Marketing,46276,2021-10-31,Active,2026-07-09,9999-12-31,1
164,Emp_164,Finance,84677,2020-07-02,Active,2026-07-07,2026-07-08,0
164,Emp_164,Finance,93206,2020-07-02,Active,2026-07-08,2026-07-09,0
164,Emp_164,Finance,99216,2020-07-02,Active,2026-07-09,9999-12-31,1
165,Emp_165,Sales,62079,2020-01-30,Active,2026-07-07,9999-12-31,1
166,Emp_166,IT,66335,2021-05-19,Active,2026-07-07,9999-12-31,1
167,Emp_167,IT,77416,2021-08-18,Active,2026-07-07,2026-07-09,0
167,Emp_167,IT,77416,2021-08-18,Resigned,2026-07-09,9999-12-31,1
168,Emp_168,Sales,87156,2022-06-08,Active,2026-07-07,2026-07-11,0
168,Emp_168,Sales,90040,2022-06-08,Active,2026-07-11,9999-12-31,1
169,Emp_169,Finance,92395,2022-09-24,Active,2026-07-07,2026-07-08,0
169,Emp_169,Finance,95700,2022-09-24,Active,2026-07-08,2026-07-09,0
169,Emp_169,Finance,101256,2022-09-24,Active,2026-07-09,9999-12-31,1
170,Emp_170,IT,78916,2021-06-08,Active,2026-07-07,2026-07-08,0
170,Emp_170,HR,78916,2021-06-08,Active,2026-07-08,2026-07-09,0
170,Emp_170,HR,78916,2021-06-08,Resigned,2026-07-09,2026-07-10,0
170,Emp_170,HR,85059,2021-06-08,Resigned,2026-07-10,9999-12-31,1
171,Emp_171,Marketing,32299,2022-05-15,Active,2026-07-07,2026-07-09,0
171,Emp_171,Sales,32299,2022-05-15,Active,2026-07-09,2026-07-10,0
171,Emp_171,Sales,38270,2022-05-15,Active,2026-07-10,9999-12-31,1
172,Emp_172,Finance,51344,2021-08-18,Active,2026-07-07,2026-07-09,0
172,Emp_172,Finance,58649,2021-08-18,Active,2026-07-09,2026-07-11,0
172,Emp_172,Finance,68057,2021-08-18,Active,2026-07-11,9999-12-31,1
173,Emp_173,IT,49154,2020-11-23,Active,2026-07-07,2026-07-08,0
173,Emp_173,IT,56432,2020-11-23,Active,2026-07-08,2026-07-09,0
173,Emp_173,IT,66056,2020-11-23,Active,2026-07-09,2026-07-11,0
173,Emp_173,IT,73277,2020-11-23,Active,2026-07-11,9999-12-31,1
174,Emp_174,Sales,47759,2020-12-31,Active,2026-07-07,2026-07-10,0
174,Emp_174,Sales,53489,2020-12-31,Active,2026-07-10,2026-07-11,0
174,Emp_174,Finance,53489,2020-12-31,Active,2026-07-11,9999-12-31,1
175,Emp_175,HR,36932,2020-10-06,Active,2026-07-07,2026-07-10,0
175,Emp_175,HR,36932,2020-10-06,Resigned,2026-07-10,9999-12-31,1
176,Emp_176,Finance,84986,2021-10-13,Active,2026-07-07,2026-07-09,0
176,Emp_176,Sales,84986,2021-10-13,Active,2026-07-09,2026-07-10,0
176,Emp_176,Sales,94719,2021-10-13,Active,2026-07-10,9999-12-31,1
177,Emp_177,Finance,36385,2020-10-23,Active,2026-07-07,2026-07-09,0
177,Emp_177,Finance,36385,2020-10-23,Resigned,2026-07-09,2026-07-10,0
177,Emp_177,IT,36385,2020-10-23,Resigned,2026-07-10,2026-07-11,0
177,Emp_177,IT,44914,2020-10-23,Resigned,2026-07-11,9999-12-31,1
178,Emp_178,Finance,99417,2021-10-16,Active,2026-07-07,2026-07-08,0
178,Emp_178,Marketing,99417,2021-10-16,Active,2026-07-08,9999-12-31,1
179,Emp_179,IT,97353,2020-07-17,Active,2026-07-07,2026-07-09,0
179,Emp_179,IT,104958,2020-07-17,Active,2026-07-09,2026-07-10,0
179,Emp_179,Marketing,104958,2020-07-17,Active,2026-07-10,9999-12-31,1
180,Emp_180,HR,42387,2021-09-05,Active,2026-07-07,2026-07-10,0
180,Emp_180,IT,42387,2021-09-05,Active,2026-07-10,2026-07-11,0
180,Emp_180,IT,46940,2021-09-05,Active,2026-07-11,9999-12-31,1
181,Emp_181,HR,72284,2022-06-12,Active,2026-07-07,2026-07-10,0
181,Emp_181,HR,75248,2022-06-12,Active,2026-07-10,9999-12-31,1
182,Emp_182,Finance,69462,2020-10-04,Active,2026-07-07,9999-12-31,1
183,Emp_183,Finance,42561,2021-07-01,Active,2026-07-07,2026-07-08,0
183,Emp_183,Finance,46494,2021-07-01,Active,2026-07-08,2026-07-11,0
183,Emp_183,Finance,49701,2021-07-01,Active,2026-07-11,9999-12-31,1
184,Emp_184,Marketing,76088,2022-04-23,Active,2026-07-07,2026-07-10,0
184,Emp_184,Sales,76088,2022-04-23,Active,2026-07-10,9999-12-31,1
185,Emp_185,HR,31690,2020-05-20,Active,2026-07-07,2026-07-11,0
185,Emp_185,Finance,31690,2020-05-20,Active,2026-07-11,9999-12-31,1
186,Emp_186,Marketing,66885,2021-01-16,Active,2026-07-07,2026-07-08,0
186,Emp_186,Sales,66885,2021-01-16,Active,2026-07-08,2026-07-10,0
186,Emp_186,Sales,70049,2021-01-16,Active,2026-07-10,2026-07-11,0
186,Emp_186,IT,70049,2021-01-16,Active,2026-07-11,9999-12-31,1
187,Emp_187,Sales,84000,2020-12-14,Active,2026-07-07,2026-07-10,0
187,Emp_187,Sales,84000,2020-12-14,Resigned,2026-07-10,2026-07-11,0
187,Emp_187,Sales,86469,2020-12-14,Resigned,2026-07-11,9999-12-31,1
188,Emp_188,HR,43424,2020-08-11,Active,2026-07-07,2026-07-08,0
188,Emp_188,HR,50337,2020-08-11,Active,2026-07-08,2026-07-09,0
188,Emp_188,Finance,50337,2020-08-11,Active,2026-07-09,2026-07-11,0
188,Emp_188,Finance,56491,2020-08-11,Active,2026-07-11,9999-12-31,1
189,Emp_189,HR,95979,2020-08-14,Active,2026-07-07,2026-07-09,0
189,Emp_189,Marketing,95979,2020-08-14,Active,2026-07-09,2026-07-10,0
189,Emp_189,Marketing,99478,2020-08-14,Active,2026-07-10,9999-12-31,1
190,Emp_190,HR,98898,2022-05-16,Active,2026-07-07,2026-07-08,0
190,Emp_190,Finance,98898,2022-05-16,Active,2026-07-08,2026-07-10,0
190,Emp_190,Finance,98898,2022-05-16,Resigned,2026-07-10,9999-12-31,1
191,Emp_191,Marketing,44937,2021-03-03,Active,2026-07-07,2026-07-10,0
191,Emp_191,IT,44937,2021-03-03,Active,2026-07-10,2026-07-11,0
191,Emp_191,IT,52184,2021-03-03,Active,2026-07-11,9999-12-31,1
192,Emp_192,Sales,40013,2020-04-29,Active,2026-07-07,2026-07-08,0
192,Emp_192,Sales,49676,2020-04-29,Active,2026-07-08,2026-07-11,0
192,Emp_192,Sales,58108,2020-04-29,Active,2026-07-11,9999-12-31,1
193,Emp_193,HR,32277,2021-05-06,Active,2026-07-07,9999-12-31,1
194,Emp_194,Finance,70838,2021-12-08,Active,2026-07-07,2026-07-09,0
194,Emp_194,Finance,79743,2021-12-08,Active,2026-07-09,2026-07-10,0
194,Emp_194,Marketing,79743,2021-12-08,Active,2026-07-10,2026-07-11,0
194,Emp_194,HR,79743,2021-12-08,Active,2026-07-11,9999-12-31,1
195,Emp_195,Finance,48220,2022-04-16,Active,2026-07-07,2026-07-08,0
195,Emp_195,Finance,51973,2022-04-16,Active,2026-07-08,2026-07-09,0
195,Emp_195,Finance,51973,2022-04-16,Resigned,2026-07-09,9999-12-31,1
196,Emp_196,Sales,98566,2022-02-20,Active,2026-07-07,9999-12-31,1
197,Emp_197,Finance,52571,2021-12-27,Active,2026-07-07,2026-07-10,0
197,Emp_197,Finance,60812,2021-12-27,Active,2026-07-10,2026-07-11,0
197,Emp_197,Marketing,60812,2021-12-27,Active,2026-07-11,9999-12-31,1
198,Emp_198,Finance,33769,2022-02-01,Active,2026-07-07,2026-07-10,0
198,Emp_198,Finance,39904,2022-02-01,Active,2026-07-10,2026-07-11,0
198,Emp_198,Marketing,39904,2022-02-01,Active,2026-07-11,9999-12-31,1
199,Emp_199,IT,59144,2020-05-11,Active,2026-07-07,2026-07-11,0
199,Emp_199,Sales,59144,2020-05-11,Active,2026-07-11,9999-12-31,1
200,Emp_200,HR,59697,2020-11-10,Active,2026-07-07,2026-07-09,0
200,Emp_200,Finance,59697,2020-11-10,Active,2026-07-09,2026-07-11,0
200,Emp_200,HR,59697,2020-11-10,Active,2026-07-11,9999-12-31,1
201,Emp_201,HR,65765,2026-04-19,Active,2026-07-08,2026-07-09,0
201,Emp_201,HR,69494,2026-04-19,Active,2026-07-09,2026-07-10,0
201,Emp_201,IT,69494,2026-04-19,Active,2026-07-10,9999-12-31,1
202,Emp_202,HR,61120,2026-04-19,Active,2026-07-08,2026-07-09,0
202,Emp_202,HR,63760,2026-04-19,Active,2026-07-09,9999-12-31,1
203,Emp_203,Finance,46144,2026-04-19,Active,2026-07-08,2026-07-09,0
203,Emp_203,IT,46144,2026-04-19,Active,2026-07-09,9999-12-31,1
204,Emp_204,HR,39496,2026-04-19,Active,2026-07-08,9999-12-31,1
205,Emp_205,HR,61144,2026-04-19,Active,2026-07-08,9999-12-31,1
206,Emp_206,HR,37646,2026-04-19,Active,2026-07-09,2026-07-11,0
206,Emp_206,HR,45324,2026-04-19,Active,2026-07-11,9999-12-31,1
207,Emp_207,IT,41254,2026-04-19,Active,2026-07-09,2026-07-10,0
207,Emp_207,IT,49047,2026-04-19,Active,2026-07-10,2026-07-11,0
207,Emp_207,IT,54868,2026-04-19,Active,2026-07-11,9999-12-31,1
208,Emp_208,Finance,61268,2026-04-19,Active,2026-07-09,2026-07-11,0
208,Emp_208,Finance,65226,2026-04-19,Active,2026-07-11,9999-12-31,1
209,Emp_209,HR,75338,2026-04-19,Active,2026-07-09,2026-07-10,0
209,Emp_209,Marketing,75338,2026-04-19,Active,2026-07-10,9999-12-31,1
210,Emp_210,HR,73104,2026-04-19,Active,2026-07-09,2026-07-11,0
210,Emp_210,Sales,73104,2026-04-19,Active,2026-07-11,9999-12-31,1
211,Emp_211,Finance,66657,2026-04-19,Active,2026-07-10,2026-07-11,0
211,Emp_211,Finance,71936,2026-04-19,Active,2026-07-11,9999-12-31,1
212,Emp_212,IT,42610,2026-04-19,Active,2026-07-10,2026-07-11,0
212,Emp_212,IT,51377,2026-04-19,Active,2026-07-11,9999-12-31,1
213,Emp_213,Finance,65509,2026-04-19,Active,2026-07-10,9999-12-31,1
214,Emp_214,Finance,79651,2026-04-19,Active,2026-07-10,2026-07-11,0
214,Emp_214,IT,79651,2026-04-19,Active,2026-07-11,9999-12-31,1
215,Emp_215,IT,67371,2026-04-19,Active,2026-07-10,9999-12-31,1
216,Emp_216,HR,31967,2026-04-19,Active,2026-07-11,9999-12-31,1
217,Emp_217,Finance,37549,2026-04-19,Active,2026-07-11,9999-12-31,1
218,Emp_218,IT,49043,2026-04-19,Active,2026-07-11,9999-12-31,1
219,Emp_219,HR,42740,2026-04-19,Active,2026-07-11,9999-12-31,1
220,Emp_220,Finance,68383,2026-04-19,Active,2026-07-11,9999-12-31,1
